Return Period (Years),Rainfall Level (mm)
2,84.27057421750578
5,102.99404447528872
10,115.3906109688448
25,131.0537055961136
50,142.67348395670558
100,154.2074636978494
200,165.69935788436248
